point_ID,set_num,game_num,point_num,serve_num,server_id,returner_id,point_winner_id,court_side,serve_speed_kph,serve_type,fault_distance_missed_m,x_ball_serve_impact,y_ball_serve_impact,z_ball_serve_impact,rally_length,point_end_type,error_type,trapped_by_net,last_stroke_type,last_hand,last_stroke_net_height_m,winner_placement,unforcedErrorPlacement,is_break_point,is_break_point_converted,is_track_avail,x_serve_bounce,y_serve_bounce,z_serve_bounce,serve_dir,z_net_serve,x_net_serve,y_net_serve,last_ball_impact_x,last_ball_impact_y,last_ball_impact_z,last_ball_bounce_x,last_ball_bounce_y,last_ball_bounce_z,serve_return_impact_x,serve_return_impact_y,serve_return_impact_z,serve_return_net_x,serve_return_net_y,serve_return_net_z,serve_return_bounce_x,serve_return_bounce_y,serve_return_bounce_z,spin_rpm,is_fault,is_doublefault,is_tiebreak,is_ace,is_prev_doublefault,is_prev_ace,server_score,returner_score,player1,player2,p1_cum_games,p2_cum_games,p1_cum_sets,p2_cum_sets
1_1_1_1,1,1,1,1,WTA324166,WTA321454,,DeuceCourt,0 KPH,Flat,0.22 Metre,-11.7,-1.123,2.896,1,Faulty Serve,Wide Error,False,NA,BackHand,0.99 Metre,NA,NA,False,False,True,4.226,-0.22,0.029,T,0.994,0.0,-0.492,-11.7,-1.123,2.896,4.226,-0.22,0.029,,,,,,,,,,0,1,0,0,0,0,0,0,0,WTA324166,WTA321454,0,0,0,0
1_1_1_2,1,1,1,2,WTA324166,WTA321454,WTA324166,DeuceCourt,132 KPH,Kick,NA,-11.748,-0.886,2.813,1,Unforced Error,NA,False,NA,BackHand,2.64 Metre,NA,Long Error,False,False,True,3.826,0.761,0.029,T,1.057,0.0,0.223,-12.426,-6.218,1.182,-12.127,-4.615,0.034,11.455,1.875,1.572,0.0,-1.588,2.64,-8.028,-4.352,0.034,NA,0,0,0,0,0,0,0,0,WTA324166,WTA321454,0,0,0,0
1_1_2_1,1,1,2,1,WTA324166,WTA321454,WTA324166,AdCourt,0 KPH,Flat,6.37 Metre,-11.46,1.283,2.793,2,Faulty Serve,Long Error,False,NA,BackHand,2.53 Metre,NA,Long Error,False,False,True,-12.766,-4.117,0.034,Wide,1.314,0.0,-1.381,12.355,-4.221,1.001,-12.766,-4.117,0.034,12.355,-4.221,1.001,0.0,-3.829,2.53,-12.766,-4.117,0.034,NA,1,0,0,0,0,0,1,0,WTA324166,WTA321454,0,0,0,0
1_1_2_2,1,1,2,2,WTA324166,WTA321454,WTA321454,AdCourt,134 KPH,Flat,NA,-11.579,1.473,2.847,2,Unforced Error,NA,False,Ground,BackHand,0.92 Metre,NA,NA,False,False,True,6.075,-2.204,0.029,Body,1.488,0.0,-1.176,-12.599,0.999,0.849,-0.288,0.568,0.034,11.023,-3.061,1.249,0.0,-1.344,1.58,-9.072,0.285,0.029,1619.32,0,0,0,0,0,0,1,0,WTA324166,WTA321454,0,0,0,0
1_1_3_1,1,1,3,1,WTA324166,WTA321454,WTA321454,DeuceCourt,0 KPH,Flat,0.08 Metre,-11.551,-1.053,2.815,2,Faulty Serve,Wide Error,False,NA,BackHand,1.25 Metre,NA,NA,False,False,True,6.207,-0.082,0.03,T,1.255,0.0,-0.486,-11.551,-1.053,2.815,6.207,-0.082,0.03,,,,,,,,,,0,1,0,0,0,0,0,1,1,WTA324166,WTA321454,0,0,0,0
1_1_3_2,1,1,3,2,WTA324166,WTA321454,WTA321454,DeuceCourt,128 KPH,Kick,NA,-11.658,-0.899,2.918,2,Unforced Error,NA,False,Ground,BackHand,1.36 Metre,NA,Wide Error,False,False,True,4.05,0.231,0.029,T,1.175,0.0,-0.208,-12.378,0.498,0.906,7.823,4.615,0.035,10.979,0.965,1.553,0.0,0.895,1.506,-7.02,0.752,0.029,1939.64,0,0,0,0,0,0,1,1,WTA324166,WTA321454,0,0,0,0
1_1_4_1,1,1,4,1,WTA324166,WTA321454,WTA324166,AdCourt,164 KPH,Flat,NA,-11.476,1.554,2.858,1,Forced Error,NA,False,NA,BackHand,0.81 Metre,NA,NA,False,False,True,5.452,-3.057,0.029,Wide,1.195,0.0,-1.658,-0.131,-0.395,0.898,0.257,-0.065,0.036,11.899,-4.579,1.045,0.0,-0.439,0.911,0.257,-0.065,0.036,0,0,0,0,0,0,0,1,2,WTA324166,WTA321454,0,0,0,0
1_1_5_1,1,1,5,1,WTA324166,WTA321454,WTA324166,DeuceCourt,144 KPH,Flat,NA,-11.66,-1.306,2.894,3,Winner,NA,False,Ground,BackHand,3.84 Metre,Down the Line,NA,False,False,True,5.579,0.524,0.03,T,1.303,0.0,-0.138,-9.374,0.961,0.065,9.565,0.858,0.032,12.462,1.327,1.413,0.0,1.376,1.23,-4.036,1.267,0.033,1198.35,0,0,0,0,0,0,2,2,WTA324166,WTA321454,0,0,0,0
1_1_6_1,1,1,6,1,WTA324166,WTA321454,WTA324166,AdCourt,0 KPH,NA,0.5 Metre,-11.475,1.132,2.816,1,Faulty Serve,Wide Error,False,NA,BackHand,0.97 Metre,NA,Wide Error,False,False,True,2.012,-4.615,0.033,Wide,0.969,0.0,-2.224,-11.475,1.132,2.816,2.012,-4.615,0.033,,,,,,,,,,0,1,0,0,0,0,0,3,2,WTA324166,WTA321454,0,0,0,0
1_1_6_2,1,1,6,2,WTA324166,WTA321454,WTA324166,AdCourt,128 KPH,Flat,NA,-11.781,1.421,2.851,1,Unforced Error,NA,True,NA,BackHand,0.81 Metre,NA,Net Error,False,False,True,5.399,-3.132,0.03,Wide,1.455,0.0,-1.938,-13.216,1.795,0.377,-0.349,-3.725,0.035,10.493,-4.304,1.414,0.0,-1.511,1.888,-12.033,1.528,0.035,1550.38,0,0,0,0,0,0,3,2,WTA324166,WTA321454,0,0,0,0
1_2_1_1,1,2,1,1,WTA321454,WTA324166,WTA321454,DeuceCourt,156 KPH,Slice,NA,-11.47,-0.974,2.757,3,Winner,NA,False,Drop,ForeHand,1.48 Metre,Down the Line,NA,False,False,True,4.181,3.49,0.033,Wide,1.019,0.0,2.222,-3.358,1.22,0.827,3.935,3.213,0.034,11.955,6.092,1.446,0.0,2.46,1.254,-1.696,1.851,0.034,NA,0,0,0,0,0,0,0,0,WTA324166,WTA321454,1,0,0,0
1_2_2_1,1,2,2,1,WTA321454,WTA324166,WTA321454,AdCourt,156 KPH,NA,NA,,,,3,Faulty Serve,NA,False,Drop,ForeHand,1.48 Metre,NA,NA,False,False,False,,,,,,,,,,,,,,,,,,,,,,,NA,1,0,0,0,0,0,1,0,WTA324166,WTA321454,1,0,0,0
1_2_2_2,1,2,2,2,WTA321454,WTA324166,WTA321454,AdCourt,137 KPH,Kick,NA,-11.295,1.578,2.706,3,Unforced Error,NA,False,Ground,ForeHand,1.02 Metre,NA,Wide Error,False,False,True,4.367,-1.998,0.029,Body,1.123,0.0,-1.159,13.648,2.548,0.833,-4.194,4.549,0.031,12.917,-3.399,1.566,0.0,0.083,1.05,-5.222,1.589,0.029,2294.56,0,0,0,0,0,0,1,0,WTA324166,WTA321454,1,0,0,0
1_2_3_1,1,2,3,1,WTA321454,WTA324166,WTA321454,DeuceCourt,170 KPH,Slice,NA,-11.443,-0.902,2.681,3,Forced Error,NA,False,Ground,BackHand,2.01 Metre,NA,NA,False,False,True,4.674,3.149,0.034,Wide,1.006,0.0,1.879,13.579,-2.255,0.571,0.227,-1.964,0.035,11.822,5.233,1.213,0.0,3.272,2.59,-10.229,2.106,0.034,1856.85,0,0,0,0,0,0,2,0,WTA324166,WTA321454,1,0,0,0
1_2_4_1,1,2,4,1,WTA321454,WTA324166,WTA321454,AdCourt,0 KPH,NA,0.42 Metre,-11.126,1.387,2.637,1,Faulty Serve,Net Error,True,NA,BackHand,0.88 Metre,NA,Net Error,False,False,True,-0.416,-0.877,0.033,T,0.877,0.0,-0.731,-11.126,1.387,2.637,-0.416,-0.877,0.033,,,,,,,,,,0,1,0,0,0,0,0,3,0,WTA324166,WTA321454,1,0,0,0
1_2_4_2,1,2,4,2,WTA321454,WTA324166,WTA321454,AdCourt,123 KPH,Slice,NA,-11.415,1.854,2.708,1,Unforced Error,NA,False,NA,BackHand,3.36 Metre,NA,Long Error,False,False,True,5.252,-3.962,0.031,Wide,1.394,0.0,-2.356,12.785,-6.226,1.472,-12.026,0.738,0.036,12.785,-6.226,1.472,0.0,-2.342,3.358,-12.026,0.738,0.036,1823.26,0,0,0,0,0,0,3,0,WTA324166,WTA321454,1,0,0,0
1_3_1_1,1,3,1,1,WTA324166,WTA321454,WTA324166,DeuceCourt,0 KPH,NA,0.62 Metre,11.75,1.153,2.806,3,Faulty Serve,NA,True,NA,BackHand,0.81 Metre,NA,NA,False,False,True,0.439,0.444,0.036,T,,,,11.75,1.153,2.806,0.439,0.444,0.036,,,,,,,,,,0,1,0,0,0,0,0,0,0,WTA324166,WTA321454,1,1,0,0
1_3_1_2,1,3,1,2,WTA324166,WTA321454,WTA324166,DeuceCourt,144 KPH,Slice,NA,11.768,1.082,2.871,3,Forced Error,NA,True,Ground,BackHand,0.82 Metre,NA,NA,False,False,True,-4.03,-2.471,0.031,Body,1.054,0.0,-1.41,-13.023,4.874,0.819,-0.132,0.402,0.032,-10.328,-4.295,1.355,0.0,-2.742,1.519,8.57,-1.795,0.029,NA,0,0,0,0,0,0,0,0,WTA324166,WTA321454,1,1,0,0
1_3_2_1,1,3,2,1,WTA324166,WTA321454,WTA321454,AdCourt,151 KPH,Slice,NA,11.586,-1.824,2.834,2,Unforced Error,NA,False,Ground,BackHand,NA,NA,Wide Error,False,False,True,-4.801,2.129,0.03,Body,1.182,0.0,1.079,11.934,-2.324,0.595,-7.735,5.056,0.03,-11.897,3.526,1.298,0.0,0.627,1.301,6.366,-0.951,0.03,1979.19,0,0,0,0,0,0,1,0,WTA324166,WTA321454,1,1,0,0
1_3_3_1,1,3,3,1,WTA324166,WTA321454,WTA321454,DeuceCourt,0 KPH,Flat,0.65 Metre,11.482,1.25,2.851,4,Faulty Serve,Long Error,False,NA,ForeHand,1.33 Metre,NA,NA,False,False,True,-7.048,-0.026,0.029,T,1.333,0.0,0.515,11.482,1.25,2.851,-7.048,-0.026,0.029,,,,,,,,,,0,1,0,0,0,0,0,1,1,WTA324166,WTA321454,1,1,0,0
1_3_3_2,1,3,3,2,WTA324166,WTA321454,WTA321454,DeuceCourt,137 KPH,Slice,NA,11.785,1.102,2.85,4,Winner,NA,False,Ground,ForeHand,1.83 Metre,Cross Court,NA,False,False,True,-4.423,-0.997,0.031,T,1.176,0.0,-0.161,-11.267,-4.025,1.03,10.043,4.136,0.033,-11.187,-2.474,1.512,0.0,0.12,2.134,10.1,1.946,0.033,2501.21,0,0,0,0,0,0,1,1,WTA324166,WTA321454,1,1,0,0
1_3_4_1,1,3,4,1,WTA324166,WTA321454,WTA321454,AdCourt,0 KPH,NA,NA,11.511,-1.309,2.902,3,Faulty Serve,NA,True,NA,BackHand,1.83 Metre,NA,NA,False,False,True,,,,,,,,11.511,-1.309,2.902,,,,,,,,,,,,,0,1,0,0,0,0,0,1,2,WTA324166,WTA321454,1,1,0,0
1_3_4_2,1,3,4,2,WTA324166,WTA321454,WTA324166,AdCourt,123 KPH,Kick,NA,11.641,-1.438,2.867,3,Winner,NA,False,Ground,BackHand,1.41 Metre,Down the Line,NA,False,False,True,-3.931,3.886,0.031,Wide,1.16,0.0,2.716,11.549,-3.238,1.148,-8.995,-3.912,0.035,-9.938,5.863,1.622,0.0,1.607,2.118,8.454,-1.908,0.029,1633.04,0,0,0,0,0,0,1,2,WTA324166,WTA321454,1,1,0,0
1_3_5_1,1,3,5,1,WTA324166,WTA321454,WTA324166,DeuceCourt,161 KPH,Flat,NA,11.571,1.054,2.822,3,Unforced Error,NA,True,Ground,ForeHand,0.85 Metre,NA,Net Error,False,False,True,-5.801,-2.221,0.031,Body,1.298,0.0,-1.0,-12.937,-1.914,0.911,-0.175,0.952,0.032,-11.906,-3.593,1.192,0.0,-1.508,1.421,7.419,-0.453,0.03,2132.03,0,0,0,0,0,0,2,2,WTA324166,WTA321454,1,1,0,0
1_3_6_1,1,3,6,1,WTA324166,WTA321454,WTA324166,AdCourt,167 KPH,Slice,NA,11.527,-1.216,2.855,1,NA,NA,False,NA,BackHand,1.05 Metre,Cross Court,NA,False,False,True,-4.338,0.13,0.032,T,1.053,0.0,-0.139,11.527,-1.216,2.855,-4.338,0.13,0.032,,,,,,,,,,0,0,0,0,0,0,0,3,2,WTA324166,WTA321454,1,1,0,0
1_4_1_1,1,4,1,1,WTA321454,WTA324166,WTA321454,DeuceCourt,0 KPH,NA,1.1 Metre,11.22,1.141,2.682,2,Faulty Serve,Wide Error,False,NA,ForeHand,0.88 Metre,NA,NA,False,False,True,1.369,-1.096,0.036,T,0.93,0.0,-0.487,-0.138,-0.51,0.903,1.369,-1.096,0.036,,,,,,,,,,957.11,1,0,0,0,0,0,0,0,WTA324166,WTA321454,2,1,0,0
1_4_1_2,1,4,1,2,WTA321454,WTA324166,WTA324166,DeuceCourt,125 KPH,Flat,NA,11.949,0.752,2.741,2,Unforced Error,NA,False,Ground,ForeHand,NA,NA,Wide Error,False,False,True,-4.993,0.028,0.031,T,1.479,0.0,0.462,13.961,1.725,0.744,-8.91,4.615,0.03,-13.246,-0.548,1.292,0.0,0.713,1.785,9.588,1.795,0.032,2359.87,0,0,0,0,0,0,0,0,WTA324166,WTA321454,2,1,0,0
1_4_2_1,1,4,2,1,WTA321454,WTA324166,WTA324166,AdCourt,160 KPH,Flat,NA,11.629,-1.407,2.667,2,Forced Error,NA,False,Ground,ForeHand,2.63 Metre,NA,NA,False,False,True,-5.996,2.149,0.03,Body,1.29,0.0,0.996,14.508,4.195,1.085,-12.885,-1.166,0.036,-13.851,3.496,1.239,0.0,1.189,1.861,9.336,-0.384,0.036,1267.16,0,0,0,0,0,0,0,1,WTA324166,WTA321454,2,1,0,0
1_4_3_1,1,4,3,1,WTA321454,WTA324166,WTA321454,DeuceCourt,161 KPH,Slice,NA,11.522,0.977,2.683,1,Forced Error,NA,False,NA,ForeHand,1.97 Metre,NA,NA,False,False,True,-5.477,-3.116,0.031,Wide,1.216,0.0,-1.648,-12.228,-5.179,1.127,12.885,-2.625,0.037,-12.228,-5.179,1.127,0.0,-3.629,1.967,12.885,-2.625,0.037,2103.7,0,0,0,0,0,0,0,2,WTA324166,WTA321454,2,1,0,0
1_4_4_1,1,4,4,1,WTA321454,WTA324166,WTA321454,AdCourt,0 KPH,NA,0.66 Metre,11.235,-1.166,2.682,1,Faulty Serve,Net Error,True,NA,BackHand,0.71 Metre,NA,Net Error,False,False,True,0.66,0.619,0.036,T,0.712,0.0,0.128,11.235,-1.166,2.682,0.66,0.619,0.036,,,,,,,,,,0,1,0,0,0,0,0,1,2,WTA324166,WTA321454,2,1,0,0
1_4_4_2,1,4,4,2,WTA321454,WTA324166,WTA321454,AdCourt,130 KPH,Kick,NA,11.613,-1.82,2.728,1,Unforced Error,NA,False,NA,BackHand,3.92 Metre,NA,Long Error,False,False,True,-5.603,2.927,0.031,Wide,1.475,0.0,1.586,-13.29,4.676,1.698,12.885,2.488,0.033,-13.29,4.676,1.698,0.0,2.693,3.918,12.885,2.488,0.033,1936.37,0,0,0,0,0,0,1,2,WTA324166,WTA321454,2,1,0,0
1_4_5_1,1,4,5,1,WTA321454,WTA324166,WTA321454,DeuceCourt,174 KPH,Slice,NA,11.371,0.954,2.706,3,Winner,NA,False,Ground,ForeHand,1.54 Metre,Cross Court,NA,False,False,True,-6.401,-1.585,0.031,Body,1.27,0.0,-0.578,10.976,1.578,0.934,-8.925,-4.002,0.035,-13.979,-3.076,1.111,0.0,-0.44,0.938,7.305,0.878,0.03,2150.32,0,0,0,0,0,0,2,2,WTA324166,WTA321454,2,1,0,0
1_4_6_1,1,4,6,1,WTA321454,WTA324166,WTA324166,AdCourt,142 KPH,Slice,NA,11.559,-1.132,2.832,2,Unforced Error,NA,False,Ground,BackHand,1.25 Metre,NA,NA,False,False,True,-3.981,1.798,0.033,Body,1.015,0.0,1.143,13.168,-2.3,0.945,7.045,-1.203,0.029,-14.153,3.087,1.008,0.0,-0.263,1.075,5.744,-1.823,0.029,977.64,0,0,0,0,0,0,3,2,WTA324166,WTA321454,2,1,0,0
1_4_7_1,1,4,7,1,WTA321454,WTA324166,WTA321454,DeuceCourt,160 KPH,Slice,NA,11.456,1.059,2.738,1,Forced Error,NA,False,NA,ForeHand,1.94 Metre,NA,NA,False,False,True,-5.798,-3.511,0.033,Wide,1.195,0.0,-1.904,-12.164,-5.456,1.035,12.885,-1.248,0.036,-12.164,-5.456,1.035,0.0,-3.613,1.941,12.885,-1.248,0.036,1435.14,0,0,0,0,0,0,3,3,WTA324166,WTA321454,2,1,0,0
1_4_8_1,1,4,8,1,WTA321454,WTA324166,WTA321454,AdCourt,0 KPH,Slice,1.46 Metre,11.394,-1.488,2.74,4,Faulty Serve,Long Error,False,NA,ForeHand,1.6 Metre,NA,NA,False,False,True,7.861,-3.166,0.03,Wide,1.37,0.0,0.599,-12.906,2.341,1.062,7.861,-3.166,0.03,-12.906,2.341,1.062,0.0,-0.996,1.603,7.861,-3.166,0.03,1480.74,1,0,0,0,0,0,4,3,WTA324166,WTA321454,2,1,0,0
1_4_8_2,1,4,8,2,WTA321454,WTA324166,WTA324166,AdCourt,133 KPH,Kick,NA,11.471,-1.881,2.712,4,Winner,NA,False,Ground,ForeHand,1.79 Metre,Down the Line,NA,False,False,True,-4.148,3.259,0.031,Wide,1.198,0.0,2.039,-13.695,-2.886,0.829,10.416,-4.111,0.03,-12.29,5.898,1.554,0.0,1.309,1.947,9.11,-1.677,0.03,2125.01,0,0,0,0,0,0,4,3,WTA324166,WTA321454,2,1,0,0
1_4_9_1,1,4,9,1,WTA321454,WTA324166,WTA324166,DeuceCourt,0 KPH,Pronated,0.52 Metre,11.394,0.946,2.737,4,Faulty Serve,Net Error,True,NA,ForeHand,0.83 Metre,NA,Net Error,False,False,True,0.519,-0.117,0.036,T,0.829,0.0,-0.11,11.394,0.946,2.737,0.519,-0.117,0.036,,,,,,,,,,0,1,0,0,0,0,0,4,4,WTA324166,WTA321454,2,1,0,0
1_4_9_2,1,4,9,2,WTA321454,WTA324166,WTA324166,DeuceCourt,141 KPH,Kick,NA,11.557,0.706,2.651,4,Winner,NA,False,Ground,ForeHand,1.74 Metre,Cross Court,NA,False,False,True,-4.234,-0.955,0.032,T,1.097,0.0,-0.358,-12.773,-0.327,0.767,10.862,2.776,0.033,-13.143,-2.208,1.543,0.0,-0.653,2.056,10.931,1.177,0.032,1906.63,0,0,0,0,0,0,4,4,WTA324166,WTA321454,2,1,0,0
1_4_10_1,1,4,10,1,WTA321454,WTA324166,WTA321454,AdCourt,163 KPH,Slice,NA,11.401,-1.605,2.665,3,Winner,NA,False,Ground,ForeHand,1.22 Metre,Cross Court,NA,True,False,True,-5.247,0.482,0.03,T,1.128,0.0,-0.042,9.17,0.4,1.342,-7.382,-3.881,0.034,-13.858,1.078,1.125,0.0,0.757,1.498,4.086,0.695,0.029,1405.45,0,0,0,0,0,0,4,5,WTA324166,WTA321454,2,1,0,0
1_4_11_1,1,4,11,1,WTA321454,WTA324166,WTA321454,DeuceCourt,0 KPH,Slice,0.4 Metre,11.461,0.642,2.638,4,Faulty Serve,Long Error,False,NA,ForeHand,1.3 Metre,NA,NA,False,False,True,-6.802,-2.199,0.031,Body,1.302,0.0,-1.024,11.461,0.642,2.638,-6.802,-2.199,0.031,,,,,,,,,,0,1,0,0,0,0,0,5,5,WTA324166,WTA321454,2,1,0,0
1_4_11_2,1,4,11,2,WTA321454,WTA324166,WTA324166,DeuceCourt,137 KPH,Slice,NA,11.57,0.871,2.734,4,Winner,NA,False,Ground,ForeHand,1.8 Metre,Cross Court,NA,False,False,True,-4.327,-1.347,0.032,T,1.175,0.0,-0.567,-12.996,-2.867,0.94,9.71,3.93,0.034,-13.501,-3.183,1.32,0.0,0.149,1.769,10.846,2.674,0.033,2425.66,0,0,0,0,0,0,5,5,WTA324166,WTA321454,2,1,0,0
1_4_12_1,1,4,12,1,WTA321454,WTA324166,WTA324166,AdCourt,0 KPH,NA,1.4 Metre,11.446,-1.354,2.716,3,Faulty Serve,NA,False,NA,BackHand,0.94 Metre,NA,NA,True,False,True,1.397,2.374,0.034,Body,0.937,0.0,0.914,11.446,-1.354,2.716,1.397,2.374,0.034,,,,,,,,,,0,1,0,0,0,0,0,5,6,WTA324166,WTA321454,2,1,0,0
1_4_12_2,1,4,12,2,WTA321454,WTA324166,WTA321454,AdCourt,116 KPH,Flat,NA,11.484,-1.894,2.767,3,Unforced Error,NA,False,Ground,BackHand,1.01 Metre,NA,Wide Error,True,False,True,-4.161,2.911,0.031,Wide,1.33,0.0,1.848,-8.052,1.224,0.756,3.161,-4.778,0.031,-12.766,5.398,1.374,0.0,1.294,1.849,8.066,-0.868,0.03,NA,0,0,0,0,0,0,5,6,WTA324166,WTA321454,2,1,0,0
1_4_13_1,1,4,13,1,WTA321454,WTA324166,WTA324166,DeuceCourt,161 KPH,Slice,NA,11.439,0.985,2.73,2,Unforced Error,NA,False,Ground,ForeHand,1.72 Metre,NA,Wide Error,False,False,True,-5.433,-3.444,0.033,Wide,1.233,0.0,-1.905,11.89,1.431,1.015,-7.418,4.513,0.032,-11.63,-5.455,1.118,0.0,-1.992,1.781,8.922,0.611,0.029,1625.94,0,0,0,0,0,0,6,6,WTA324166,WTA321454,2,1,0,0
1_4_14_1,1,4,14,1,WTA321454,WTA324166,WTA324166,AdCourt,162 KPH,Flat,NA,11.324,-1.469,2.759,2,Forced Error,NA,False,Ground,BackHand,1.88 Metre,NA,NA,True,True,True,-6.041,3.349,0.031,Wide,1.294,0.0,1.732,11.972,-3.276,0.664,-12.885,-0.933,0.036,-13.144,5.225,1.099,0.0,0.804,1.367,8.384,-2.049,0.029,816.72,0,0,0,0,0,0,6,7,WTA324166,WTA321454,2,1,0,0
1_5_1_1,1,5,1,1,WTA324166,WTA321454,WTA324166,DeuceCourt,0 KPH,Flat,0.57 Metre,-11.404,-1.317,2.842,2,Faulty Serve,Long Error,False,NA,ForeHand,1.37 Metre,NA,NA,False,False,True,6.97,0.962,0.03,T,1.373,0.0,0.01,-11.404,-1.317,2.842,6.97,0.962,0.03,,,,,,,,,,0,1,0,0,0,0,0,0,0,WTA324166,WTA321454,3,1,0,0
1_5_1_2,1,5,1,2,WTA324166,WTA321454,WTA321454,DeuceCourt,139 KPH,Slice,NA,-11.67,-0.91,2.775,2,Unforced Error,NA,False,Ground,ForeHand,1.62 Metre,NA,NA,False,False,True,4.088,1.146,0.029,T,1.109,0.0,0.473,14.195,3.454,0.693,-8.842,-0.949,0.03,10.722,2.368,1.489,0.0,2.796,1.819,-8.542,3.072,0.033,1287.91,0,0,0,0,0,0,0,0,WTA324166,WTA321454,3,1,0,0
1_5_2_1,1,5,2,1,WTA324166,WTA321454,WTA324166,AdCourt,172 KPH,Flat,NA,-11.553,1.593,2.886,3,Winner,NA,False,Ground,ForeHand,1.2 Metre,Cross Court,NA,False,False,True,4.655,-3.065,0.032,Wide,1.066,0.0,-1.778,-11.324,-0.462,1.112,8.993,3.419,0.036,11.548,-4.875,1.336,0.0,-2.648,2.105,-8.056,-1.083,0.03,2032.48,0,0,0,0,0,0,0,1,WTA324166,WTA321454,3,1,0,0
1_5_3_1,1,5,3,1,WTA324166,WTA321454,WTA321454,DeuceCourt,157 KPH,Slice,NA,-11.417,-1.184,2.776,2,Unforced Error,NA,True,Ground,ForeHand,0.78 Metre,NA,Net Error,False,False,True,4.788,2.324,0.033,Body,1.114,0.0,1.179,-11.104,-3.597,0.341,-6.177,-3.384,0.032,11.447,4.043,1.276,0.0,1.096,1.46,-8.389,-0.832,0.03,2064.02,0,0,0,0,0,0,1,1,WTA324166,WTA321454,3,1,0,0
1_5_4_1,1,5,4,1,WTA324166,WTA321454,WTA321454,AdCourt,174 KPH,Pronated,NA,-11.403,1.44,2.782,4,Winner,NA,False,Passing,ForeHand,1 Metre,Cross Court,NA,False,False,True,4.641,-3.075,0.032,Wide,1.024,0.0,-1.759,13.586,3.17,0.829,-3.386,-2.866,0.033,11.613,-5.129,1.28,0.0,-1.824,1.042,-3.915,-0.856,0.033,2603.84,0,0,0,0,0,0,1,2,WTA324166,WTA321454,3,1,0,0
1_5_5_1,1,5,5,1,WTA324166,WTA321454,WTA321454,DeuceCourt,0 KPH,Flat,1.88 Metre,-11.667,-0.989,2.824,2,Faulty Serve,Long Error,False,NA,ForeHand,1.43 Metre,NA,NA,True,False,True,8.285,0.473,0.028,T,1.431,0.0,-0.137,-11.667,-0.989,2.824,8.285,0.473,0.028,,,,,,,,,,0,1,0,0,0,0,0,1,3,WTA324166,WTA321454,3,1,0,0
1_5_5_2,1,5,5,2,WTA324166,WTA321454,WTA321454,DeuceCourt,140 KPH,Kick,NA,-11.718,-1.044,2.85,2,Unforced Error,NA,True,Ground,ForeHand,0.89 Metre,NA,Net Error,True,True,True,3.713,0.464,0.029,T,0.981,0.0,-0.009,-11.619,-0.557,0.613,-0.335,0.969,0.033,10.895,1.384,1.548,0.0,0.528,1.003,-5.026,0.077,0.031,3180.11,0,0,0,0,0,0,1,3,WTA324166,WTA321454,3,1,0,0
1_6_1_1,1,6,1,1,WTA321454,WTA324166,WTA321454,DeuceCourt,172 KPH,Flat,NA,-11.377,-1.082,2.73,3,Unforced Error,NA,False,Ground,ForeHand,1.38 Metre,NA,Wide Error,False,False,True,5.004,1.251,0.029,T,1.048,0.0,0.465,11.56,-1.472,0.953,-8.829,-4.229,0.035,12.91,2.633,1.215,0.0,0.79,1.295,-7.277,-0.311,0.03,2331.11,0,0,0,0,0,0,0,0,WTA324166,WTA321454,3,2,0,0
1_6_2_1,1,6,2,1,WTA321454,WTA324166,WTA321454,AdCourt,0 KPH,NA,0.49 Metre,-11.437,1.598,2.712,4,Faulty Serve,Net Error,True,NA,ForeHand,0.84 Metre,NA,Net Error,False,False,True,-0.487,0.033,0.033,T,0.844,0.0,0.169,-11.437,1.598,2.712,-0.487,0.033,0.033,,,,,,,,,,0,1,0,0,0,0,0,1,0,WTA324166,WTA321454,3,2,0,0
1_6_2_2,1,6,2,2,WTA321454,WTA324166,WTA324166,AdCourt,151 KPH,Slice,NA,-11.445,1.557,2.736,4,Winner,NA,False,Ground,ForeHand,1.63 Metre,Cross Court,NA,False,False,True,5.977,-1.058,0.03,T,1.334,0.0,-0.351,12.423,2.181,0.788,-8.577,-4.073,0.035,13.326,-1.722,1.279,0.0,0.39,1.764,-10.822,2.303,0.033,2441.33,0,0,0,0,0,0,1,0,WTA324166,WTA321454,3,2,0,0
1_6_3_1,1,6,3,1,WTA321454,WTA324166,WTA324166,DeuceCourt,0 KPH,NA,0.4 Metre,-11.427,-1.013,2.746,2,Faulty Serve,Net Error,True,NA,ForeHand,0.9 Metre,NA,Net Error,False,False,True,-0.399,1.504,0.033,Body,0.898,0.0,1.433,-11.427,-1.013,2.746,-0.399,1.504,0.033,,,,,,,,,,0,1,0,0,0,0,0,1,1,WTA324166,WTA321454,3,2,0,0
1_6_3_2,1,6,3,2,WTA321454,WTA324166,WTA324166,DeuceCourt,137 KPH,Slice,NA,-11.767,-0.595,2.679,2,Winner,NA,False,Ground,ForeHand,1.65 Metre,Cross Court,NA,False,False,True,6.381,2.062,0.033,Body,1.605,0.0,0.847,12.766,3.379,1.396,-8.68,-3.289,0.035,12.766,3.379,1.396,0.0,-0.74,1.653,-8.68,-3.289,0.035,1842.26,0,0,0,0,0,0,1,1,WTA324166,WTA321454,3,2,0,0
1_6_4_1,1,6,4,1,WTA321454,WTA324166,WTA321454,AdCourt,168 KPH,Flat,NA,-11.327,1.306,2.745,1,Forced Error,NA,False,NA,ForeHand,1.65 Metre,NA,NA,False,False,True,5.433,-0.7,0.03,T,1.147,0.0,-0.098,14.12,-1.475,1.246,-8.989,4.839,0.03,14.12,-1.475,1.246,0.0,2.207,1.649,-8.989,4.839,0.03,1227.26,0,0,0,0,0,0,1,2,WTA324166,WTA321454,3,2,0,0
1_6_5_1,1,6,5,1,WTA321454,WTA324166,WTA321454,DeuceCourt,0 KPH,Flat,0 Metre,-11.367,-0.827,2.707,3,Faulty Serve,NA,False,NA,BackHand,NA,NA,NA,False,False,True,-6.241,-1.052,0.03,T,1.246,0.0,0.665,12.984,2.54,1.085,-6.241,-1.052,0.03,12.984,2.54,1.085,0.0,0.658,4.389,-6.241,-1.052,0.03,2618.21,1,0,0,0,0,0,2,2,WTA324166,WTA321454,3,2,0,0
1_6_5_2,1,6,5,2,WTA321454,WTA324166,WTA321454,DeuceCourt,141 KPH,Kick,NA,-11.593,-0.838,2.675,3,Forced Error,NA,False,Ground,BackHand,1.33 Metre,NA,NA,False,False,True,5.301,1.447,0.031,Body,1.29,0.0,0.59,13.347,-4.492,0.639,10.027,-3.295,0.03,13.613,2.776,1.56,0.0,0.5,3.475,-10.202,-0.744,0.037,1084.36,0,0,0,0,0,0,2,2,WTA324166,WTA321454,3,2,0,0
1_6_6_1,1,6,6,1,WTA321454,WTA324166,WTA321454,AdCourt,0 KPH,Flat,3.03 Metre,-11.245,1.705,2.671,2,Faulty Serve,Long Error,False,NA,ForeHand,1.95 Metre,NA,NA,False,False,True,-9.433,1.922,0.034,Body,1.241,0.0,-1.31,13.566,-4.677,1.049,-9.433,1.922,0.034,13.566,-4.677,1.049,0.0,-0.726,1.951,-9.433,1.922,0.034,2019.1,1,0,0,0,0,0,3,2,WTA324166,WTA321454,3,2,0,0
1_6_6_2,1,6,6,2,WTA321454,WTA324166,WTA324166,AdCourt,137 KPH,Kick,NA,-11.46,1.803,2.711,2,Forced Error,NA,True,NA,ForeHand,0.36 Metre,NA,NA,False,False,True,5.059,-2.64,0.029,Body,1.287,0.0,-1.518,-12.205,-3.933,0.654,-0.043,-1.982,0.03,12.012,-4.132,1.524,0.0,-1.255,1.398,-7.834,0.614,0.029,NA,0,0,0,0,0,0,3,2,WTA324166,WTA321454,3,2,0,0
1_6_7_1,1,6,7,1,WTA321454,WTA324166,WTA324166,DeuceCourt,161 KPH,Slice,NA,-11.364,-0.908,2.712,2,Winner,NA,False,Ground,ForeHand,1.44 Metre,Down the Line,NA,False,False,True,4.848,3.386,0.035,Wide,1.081,0.0,2.013,11.764,5.487,1.16,-10.354,3.621,0.031,11.764,5.487,1.16,0.0,4.377,1.44,-10.354,3.621,0.031,1141.53,0,0,0,0,0,0,3,3,WTA324166,WTA321454,3,2,0,0
1_6_8_1,1,6,8,1,WTA321454,WTA324166,WTA324166,AdCourt,170 KPH,Flat,NA,-11.285,1.326,2.712,4,Winner,NA,False,Ground,BackHand,1.05 Metre,Down the Line,NA,True,True,True,5.215,-0.238,0.029,T,1.079,0.0,0.227,14.481,4.065,0.909,-6.437,0.744,0.029,13.962,-1.003,1.122,0.0,-0.465,3.232,-10.815,-0.668,0.037,1815.13,0,0,0,0,0,0,3,4,WTA324166,WTA321454,3,2,0,0
1_7_1_1,1,7,1,1,WTA324166,WTA321454,WTA321454,DeuceCourt,140 KPH,Kick,NA,11.829,1.022,2.887,2,Unforced Error,NA,False,Ground,BackHand,1.57 Metre,NA,NA,False,False,True,-3.81,-2.685,0.031,Body,1.049,0.0,-1.598,-9.721,-5.097,0.853,10.483,2.968,0.034,-10.739,-4.878,1.609,0.0,-0.801,1.623,9.155,2.219,0.036,2036.4,0,0,0,0,0,0,0,0,WTA324166,WTA321454,4,2,0,0
1_7_2_1,1,7,2,1,WTA324166,WTA321454,WTA324166,AdCourt,178 KPH,Flat,NA,11.413,-1.288,2.844,1,Ace,NA,False,NA,ForeHand,1.02 Metre,Cross Court,NA,False,False,True,-4.579,3.706,0.03,Wide,1.021,0.0,2.258,11.413,-1.288,2.844,-4.579,3.706,0.03,,,,,,,,,,0,0,0,0,1,0,0,0,1,WTA324166,WTA321454,4,2,0,0
1_7_3_1,1,7,3,1,WTA324166,WTA321454,WTA324166,DeuceCourt,173 KPH,Flat,NA,11.445,1.444,2.798,1,Forced Error,NA,False,NA,ForeHand,1.07 Metre,NA,NA,False,False,True,-4.786,-1.786,0.031,Body,1.066,0.0,-0.815,11.445,1.444,2.798,-4.786,-1.786,0.031,,,,,,,,,,0,0,0,0,0,0,1,1,1,WTA324166,WTA321454,4,2,0,0
1_7_4_1,1,7,4,1,WTA324166,WTA321454,WTA324166,AdCourt,0 KPH,Flat,0.11 Metre,11.441,-1.498,2.821,2,Faulty Serve,Long Error,False,NA,ForeHand,1.28 Metre,NA,NA,False,False,True,-6.514,1.02,0.029,T,1.283,0.0,0.148,11.441,-1.498,2.821,-6.514,1.02,0.029,,,,,,,,,,0,1,0,0,0,0,0,2,1,WTA324166,WTA321454,4,2,0,0
1_7_4_2,1,7,4,2,WTA324166,WTA321454,WTA321454,AdCourt,138 KPH,Slice,NA,11.658,-1.432,2.901,2,Unforced Error,NA,False,Ground,ForeHand,2.45 Metre,NA,Long Error,False,False,True,-5.598,3.389,0.029,Wide,1.447,0.0,2.087,14.143,-1.27,0.986,-12.78,2.636,0.033,-10.275,4.34,1.318,0.0,1.875,2.103,10.808,-0.64,0.035,1917.63,0,0,0,0,0,0,2,1,WTA324166,WTA321454,4,2,0,0
1_7_5_1,1,7,5,1,WTA324166,WTA321454,WTA321454,DeuceCourt,0 KPH,Slice,0.65 Metre,11.54,0.893,2.763,3,Faulty Serve,NA,True,NA,ForeHand,2.45 Metre,NA,NA,False,False,True,0.649,-0.09,0.036,T,,,,11.54,0.893,2.763,0.649,-0.09,0.036,,,,,,,,,,0,1,0,0,0,0,0,2,2,WTA324166,WTA321454,4,2,0,0
1_7_5_2,1,7,5,2,WTA324166,WTA321454,WTA324166,DeuceCourt,151 KPH,Flat,NA,11.722,0.975,2.857,3,Forced Error,NA,False,Ground,ForeHand,3.72 Metre,NA,NA,False,False,True,-4.505,-2.161,0.031,Body,1.117,0.0,-1.193,-13.232,-1.57,0.573,12.885,4.615,0.034,-10.576,-3.547,1.478,0.0,-1.672,1.187,6.157,-0.772,0.03,2372.01,0,0,0,0,0,0,2,2,WTA324166,WTA321454,4,2,0,0
1_7_6_1,1,7,6,1,WTA324166,WTA321454,WTA324166,AdCourt,0 KPH,Flat,1.69 Metre,11.532,-1.493,2.822,3,Faulty Serve,Long Error,False,NA,ForeHand,1.51 Metre,NA,NA,False,False,True,-8.094,0.991,0.029,T,1.507,0.0,-0.005,11.532,-1.493,2.822,-8.094,0.991,0.029,,,,,,,,,,0,1,0,0,0,0,0,3,2,WTA324166,WTA321454,4,2,0,0
1_7_6_2,1,7,6,2,WTA324166,WTA321454,WTA324166,AdCourt,126 KPH,Flat,NA,11.635,-1.533,2.877,3,Unforced Error,NA,False,Ground,ForeHand,1.56 Metre,NA,Wide Error,False,False,True,-4.928,3.253,0.03,Wide,1.386,0.0,2.049,-9.037,-3.675,0.603,9.477,4.413,0.035,-10.004,4.613,1.49,0.0,-0.156,1.299,6.732,-3.239,0.028,2658.18,0,0,0,0,0,0,3,2,WTA324166,WTA321454,4,2,0,0
1_8_1_1,1,8,1,1,WTA321454,WTA324166,WTA324166,DeuceCourt,0 KPH,Pronated,0.29 Metre,11.53,0.741,2.696,1,Faulty Serve,Net Error,True,NA,ForeHand,0.82 Metre,NA,Net Error,False,False,True,0.289,-1.972,0.036,Body,0.824,0.0,-2.129,11.53,0.741,2.696,0.289,-1.972,0.036,,,,,,,,,,0,1,0,0,0,0,0,0,0,WTA324166,WTA321454,5,2,0,0
1_8_1_2,1,8,1,2,WTA321454,WTA324166,WTA321454,DeuceCourt,138 KPH,NA,NA,,,,1,Unforced Error,NA,False,Ground,ForeHand,2.45 Metre,NA,NA,False,False,False,,,,,,,,,,,,,,,,,,,,,,,1917.63,0,0,0,0,0,0,0,0,WTA324166,WTA321454,5,2,0,0
1_8_2_1,1,8,2,1,WTA321454,WTA324166,WTA321454,AdCourt,165 KPH,Slice,NA,11.351,-1.547,2.709,1,Forced Error,NA,False,NA,BackHand,1.92 Metre,NA,NA,False,False,True,-5.461,2.391,0.03,Body,1.157,0.0,1.181,-13.883,4.018,1.12,10.751,4.463,0.034,-13.883,4.018,1.12,0.0,4.077,1.916,10.751,4.463,0.034,1409.05,0,0,0,0,0,0,1,0,WTA324166,WTA321454,5,2,0,0
1_8_3_1,1,8,3,1,WTA321454,WTA324166,WTA321454,DeuceCourt,0 KPH,NA,0.62 Metre,11.454,0.855,2.74,2,Faulty Serve,Net Error,True,NA,ForeHand,0.85 Metre,NA,Net Error,False,False,True,0.624,-0.227,0.036,T,0.852,0.0,-0.491,11.454,0.855,2.74,0.624,-0.227,0.036,,,,,,,,,,0,1,0,0,0,0,0,2,0,WTA324166,WTA321454,5,2,0,0
1_8_3_2,1,8,3,2,WTA321454,WTA324166,WTA324166,DeuceCourt,146 KPH,Slice,NA,11.708,0.855,2.738,2,Forced Error,NA,False,Ground,ForeHand,2.25 Metre,NA,NA,False,False,True,-4.715,-0.316,0.031,T,1.202,0.0,0.201,11.442,6.094,0.995,-10.565,-4.485,0.032,-13.731,-1.678,1.329,0.0,2.608,1.342,3.728,3.865,0.034,2375.79,0,0,0,0,0,0,2,0,WTA324166,WTA321454,5,2,0,0
1_8_4_1,1,8,4,1,WTA321454,WTA324166,WTA324166,AdCourt,0 KPH,NA,0.19 Metre,11.496,-1.423,2.741,1,Faulty Serve,Net Error,True,NA,BackHand,0.81 Metre,NA,Net Error,False,False,True,0.19,0.774,0.034,T,0.807,0.0,0.312,11.496,-1.423,2.741,0.19,0.774,0.034,,,,,,,,,,0,1,0,0,0,0,0,2,1,WTA324166,WTA321454,5,2,0,0
1_8_4_2,1,8,4,2,WTA321454,WTA324166,WTA321454,AdCourt,139 KPH,Kick,NA,11.415,-1.739,2.704,1,Unforced Error,NA,False,NA,BackHand,2.53 Metre,NA,Long Error,False,False,True,-4.785,2.13,0.03,Body,1.259,0.0,1.208,-12.514,3.747,1.568,12.885,0.811,0.032,-12.514,3.747,1.568,0.0,2.017,2.533,12.885,0.811,0.032,1585.76,0,0,0,0,0,0,2,1,WTA324166,WTA321454,5,2,0,0
1_8_5_1,1,8,5,1,WTA321454,WTA324166,WTA324166,DeuceCourt,169 KPH,Slice,NA,11.377,0.815,2.698,2,Forced Error,NA,False,Ground,ForeHand,1.01 Metre,NA,NA,False,False,True,-6.05,-2.82,0.03,Wide,1.237,0.0,-1.454,13.743,3.472,0.61,0.582,1.453,0.036,-13.454,-4.73,1.14,0.0,-2.363,1.27,7.869,-1.221,0.029,1883.41,0,0,0,0,0,0,3,1,WTA324166,WTA321454,5,2,0,0
1_8_6_1,1,8,6,1,WTA321454,WTA324166,WTA324166,AdCourt,170 KPH,Flat,NA,11.476,-1.517,2.689,2,Unforced Error,NA,False,Ground,ForeHand,1.75 Metre,NA,Wide Error,False,False,True,-6.268,0.97,0.029,T,1.256,0.0,0.153,13.596,-0.651,1.044,-9.202,-4.238,0.034,-14.188,1.837,1.15,0.0,-1.35,2.389,10.652,-3.672,0.03,2106.96,0,0,0,0,0,0,3,2,WTA324166,WTA321454,5,2,0,0
1_8_7_1,1,8,7,1,WTA321454,WTA324166,WTA321454,DeuceCourt,170 KPH,Flat,NA,11.562,0.685,2.753,1,Forced Error,NA,False,NA,BackHand,1.05 Metre,NA,NA,False,False,True,-4.749,-0.963,0.031,T,1.054,0.0,-0.405,11.562,0.685,2.753,-4.749,-0.963,0.031,,,,,,,,,,0,0,0,0,0,0,0,3,3,WTA324166,WTA321454,5,2,0,0
1_8_8_1,1,8,8,1,WTA321454,WTA324166,WTA321454,AdCourt,172 KPH,Flat,NA,11.393,-1.339,2.719,3,Unforced Error,NA,False,Ground,ForeHand,2.17 Metre,NA,Wide Error,False,False,True,-5.475,2.619,0.03,Body,1.175,0.0,1.394,-13.69,-2.228,0.929,8.723,4.695,0.035,-12.957,4.139,1.218,0.0,2.072,1.518,8.53,0.884,0.03,2902.13,0,0,0,0,0,0,4,3,WTA324166,WTA321454,5,2,0,0
1_9_1_1,1,9,1,1,WTA324166,WTA321454,WTA321454,DeuceCourt,0 KPH,NA,0.09 Metre,-11.672,-1.003,2.892,2,Faulty Serve,Long Error,False,NA,NA,1.41 Metre,NA,NA,False,False,True,6.488,2.104,0.033,Body,1.409,0.0,0.782,12.153,3.455,1.174,6.488,2.104,0.033,,,,,,,,,,1231.22,1,0,0,0,0,0,0,0,WTA324166,WTA321454,5,3,0,0
1_9_1_2,1,9,1,2,WTA324166,WTA321454,WTA321454,DeuceCourt,135 KPH,Flat,NA,-11.895,-0.7,2.86,0,DoubleFault,NA,False,NA,BackHand,2.27 Metre,NA,NA,False,False,True,7.71,0.839,0.03,T,1.808,0.0,-0.007,11.256,1.234,1.126,-8.618,-2.806,0.035,11.256,1.234,1.126,0.0,-0.838,2.267,-8.618,-2.806,0.035,1048.9,1,1,0,0,0,0,0,0,WTA324166,WTA321454,5,3,0,0
1_9_2_1,1,9,2,1,WTA324166,WTA321454,WTA324166,AdCourt,159 KPH,Flat,NA,-11.418,1.475,2.867,1,Forced Error,NA,False,NA,BackHand,3.61 Metre,NA,NA,False,False,True,4.184,-2.38,0.032,Body,1.008,0.0,-1.435,11.954,-4.05,1.51,-12.885,3.211,0.032,11.954,-4.05,1.51,0.0,-0.526,3.61,-12.885,3.211,0.032,985.41,0,0,0,0,1,0,0,1,WTA324166,WTA321454,5,3,0,0
1_9_3_1,1,9,3,1,WTA324166,WTA321454,WTA324166,DeuceCourt,180 KPH,Flat,NA,-11.6,-0.911,2.852,1,Forced Error,NA,False,NA,BackHand,2.67 Metre,NA,NA,False,False,True,5.499,0.369,0.03,T,1.144,0.0,-0.103,12.518,1.005,1.161,-12.294,3.476,0.031,12.518,1.005,1.161,0.0,2.103,2.665,-12.294,3.476,0.031,807.98,0,0,0,0,0,0,1,1,WTA324166,WTA321454,5,3,0,0
1_9_4_1,1,9,4,1,WTA324166,WTA321454,WTA324166,AdCourt,179 KPH,Pronated,NA,-11.502,1.529,2.893,1,Forced Error,NA,True,NA,BackHand,0.33 Metre,NA,NA,False,False,True,4.497,-3.107,0.032,Wide,1.022,0.0,-1.786,11.616,-5.289,1.26,1.078,-2.086,0.034,11.616,-5.289,1.26,0.0,-2.387,0.333,1.078,-2.086,0.034,NA,0,0,0,0,0,0,2,1,WTA324166,WTA321454,5,3,0,0
1_9_5_1,1,9,5,1,WTA324166,WTA321454,WTA324166,DeuceCourt,182 KPH,Flat,NA,-11.502,-0.864,2.797,1,Ace,NA,False,NA,ForeHand,1.14 Metre,Cross Court,NA,False,False,True,5.565,0.253,0.03,T,1.135,0.0,-0.161,-11.502,-0.864,2.797,5.565,0.253,0.03,,,,,,,,,,0,0,0,0,1,0,0,3,1,WTA324166,WTA321454,5,3,0,0
2_1_1_1,2,1,1,1,WTA321454,WTA324166,WTA321454,DeuceCourt,166 KPH,Flat,NA,-11.395,-0.922,2.755,1,Forced Error,NA,False,NA,BackHand,2.12 Metre,NA,NA,False,False,True,4.641,0.942,0.029,T,0.991,0.0,0.403,12.829,1.984,1.171,-12.411,-4.044,0.034,12.829,1.984,1.171,0.0,-0.855,2.125,-12.411,-4.044,0.034,1002.82,0,0,0,0,0,1,0,0,WTA324166,WTA321454,0,0,1,0
2_1_2_1,2,1,2,1,WTA321454,WTA324166,WTA321454,AdCourt,0 KPH,Slice,0.15 Metre,-11.386,1.465,2.726,2,Faulty Serve,Wide Error,False,NA,BackHand,1.13 Metre,NA,NA,False,False,True,5.488,0.152,0.03,T,1.127,0.0,0.494,-11.386,1.465,2.726,5.488,0.152,0.03,,,,,,,,,,0,1,0,0,0,0,0,1,0,WTA324166,WTA321454,0,0,1,0
2_1_2_2,2,1,2,2,WTA321454,WTA324166,WTA324166,AdCourt,131 KPH,Slice,NA,-11.392,1.686,2.698,2,Unforced Error,NA,True,Ground,BackHand,0.81 Metre,NA,Net Error,False,False,True,5.083,-2.572,0.029,Body,1.225,0.0,-1.481,-11.31,3.314,0.549,-0.188,2.405,0.032,13.247,-4.274,1.369,0.0,-0.251,1.993,-8.401,2.01,0.03,NA,0,0,0,0,0,0,1,0,WTA324166,WTA321454,0,0,1,0
2_1_3_1,2,1,3,1,WTA321454,WTA324166,WTA324166,DeuceCourt,0 KPH,NA,NA,-11.286,-0.837,2.718,2,Faulty Serve,NA,True,NA,ForeHand,0.82 Metre,NA,NA,False,False,True,,,,,0.821,0.0,0.096,-11.286,-0.837,2.718,,,,,,,,,,,,,0,1,0,0,0,0,0,1,1,WTA324166,WTA321454,0,0,1,0
2_1_3_2,2,1,3,2,WTA321454,WTA324166,WTA324166,DeuceCourt,147 KPH,Flat,NA,-11.515,-0.93,2.679,2,Unforced Error,NA,False,Ground,ForeHand,1.92 Metre,NA,Wide Error,False,False,True,4.311,3.035,0.033,Wide,1.057,0.0,1.833,-12.111,-2.956,1.044,10.912,-4.549,0.031,12.455,5.33,1.511,0.0,2.406,1.528,-8.553,0.564,0.029,1750.72,0,0,0,0,0,0,1,1,WTA324166,WTA321454,0,0,1,0
2_1_4_1,2,1,4,1,WTA321454,WTA324166,WTA321454,AdCourt,176 KPH,Flat,NA,-11.381,1.419,2.699,3,Winner,NA,False,Ground,ForeHand,1.12 Metre,Down the Line,NA,False,False,True,6.082,-1.694,0.029,Body,1.202,0.0,-0.663,-11.568,2.3,0.731,7.516,0.92,0.03,13.983,-2.894,1.076,0.0,-0.27,1.198,-5.143,0.848,0.031,2193.5,0,0,0,0,0,0,1,2,WTA324166,WTA321454,0,0,1,0
2_1_5_1,2,1,5,1,WTA321454,WTA324166,WTA324166,DeuceCourt,170 KPH,Flat,NA,-11.197,-0.972,2.642,2,Forced Error,NA,False,Ground,ForeHand,1.41 Metre,NA,NA,False,False,True,5.141,1.064,0.029,T,1.087,0.0,0.356,-13.989,-4.034,0.716,-6.724,-2.591,0.03,12.213,2.148,1.194,0.0,1.217,1.03,-5.803,0.774,0.029,NA,0,0,0,0,0,0,2,2,WTA324166,WTA321454,0,0,1,0
2_1_6_1,2,1,6,1,WTA321454,WTA324166,WTA324166,AdCourt,0 KPH,NA,0.23 Metre,-11.356,1.384,2.733,2,Faulty Serve,NA,True,NA,ForeHand,1.41 Metre,NA,NA,True,False,True,-0.234,-0.586,0.033,T,,,,-11.356,1.384,2.733,-0.234,-0.586,0.033,,,,,,,,,,0,1,0,0,0,0,0,2,3,WTA324166,WTA321454,0,0,1,0
2_1_6_2,2,1,6,2,WTA321454,WTA324166,WTA324166,AdCourt,142 KPH,Slice,NA,-11.563,1.871,2.685,2,Forced Error,NA,False,Ground,ForeHand,3.28 Metre,NA,NA,True,True,True,6.252,-2.388,0.029,Body,1.463,0.0,-1.122,14.505,-0.731,1.173,-10.558,0.952,0.036,13.619,-3.746,1.469,0.0,0.38,1.847,-9.119,3.659,0.034,1891.99,0,0,0,0,0,0,2,3,WTA324166,WTA321454,0,0,1,0
2_2_1_1,2,2,1,1,WTA324166,WTA321454,WTA324166,DeuceCourt,0 KPH,Pronated,0.03 Metre,-11.443,-0.994,2.8,2,Faulty Serve,Wide Error,False,NA,BackHand,1.24 Metre,NA,NA,False,False,True,6.348,-0.027,0.03,T,1.242,0.0,-0.386,-11.443,-0.994,2.8,6.348,-0.027,0.03,,,,,,,,,,0,1,0,0,0,0,0,0,0,WTA324166,WTA321454,1,0,1,0
2_2_1_2,2,2,1,2,WTA324166,WTA321454,WTA321454,DeuceCourt,146 KPH,Slice,NA,-11.843,-0.895,2.861,2,Unforced Error,NA,False,Ground,BackHand,1.61 Metre,NA,Wide Error,False,False,True,3.965,0.568,0.029,T,1.03,0.0,0.06,-11.702,1.52,0.921,10.265,4.689,0.033,10.97,1.638,1.427,0.0,0.635,1.935,-7.558,-0.205,0.03,1711.48,0,0,0,0,0,0,0,0,WTA324166,WTA321454,1,0,1,0
2_2_2_1,2,2,2,1,WTA324166,WTA321454,WTA324166,AdCourt,178 KPH,Flat,NA,-11.412,1.497,2.792,1,Forced Error,NA,False,NA,BackHand,2.38 Metre,NA,NA,False,False,True,6.352,-2.749,0.029,Wide,1.261,0.0,-1.265,12.022,-4.024,0.922,-12.885,4.615,0.029,12.022,-4.024,0.922,0.0,0.351,2.378,-12.885,4.615,0.029,951.46,0,0,0,0,0,0,0,1,WTA324166,WTA321454,1,0,1,0
2_2_3_1,2,2,3,1,WTA324166,WTA321454,WTA324166,DeuceCourt,153 KPH,Slice,NA,-11.576,-1.045,2.794,1,Ace,NA,False,NA,ForeHand,1.28 Metre,Cross Court,NA,False,False,True,5.375,3.752,0.036,Wide,1.281,0.0,2.057,-11.576,-1.045,2.794,5.375,3.752,0.036,,,,,,,,,,0,0,0,0,1,0,0,1,1,WTA324166,WTA321454,1,0,1,0
2_2_4_1,2,2,4,1,WTA324166,WTA321454,WTA324166,AdCourt,177 KPH,Flat,NA,-11.423,1.532,2.822,1,Forced Error,NA,False,NA,BackHand,3.8 Metre,NA,NA,False,False,True,5.604,-3.71,0.03,Wide,1.156,0.0,-2.009,11.961,-5.642,1.01,-2.676,-4.525,0.033,11.961,-5.642,1.01,0.0,-4.629,3.802,-2.676,-4.525,0.033,994.69,0,0,0,0,0,1,2,1,WTA324166,WTA321454,1,0,1,0
2_2_5_1,2,2,5,1,WTA324166,WTA321454,WTA324166,DeuceCourt,0 KPH,Flat,4.65 Metre,-11.526,-0.851,2.755,2,Faulty Serve,Long Error,False,NA,ForeHand,2.21 Metre,NA,NA,False,False,True,-11.05,0.872,0.036,T,1.304,0.0,0.305,12.266,1.651,0.914,-11.05,0.872,0.036,12.266,1.651,0.914,0.0,1.113,2.209,-11.05,0.872,0.036,931.61,1,0,0,0,0,0,3,1,WTA324166,WTA321454,1,0,1,0
2_2_5_2,2,2,5,2,WTA324166,WTA321454,WTA321454,DeuceCourt,138 KPH,Slice,NA,-11.735,-1.018,2.838,2,Unforced Error,NA,False,Ground,ForeHand,2.11 Metre,NA,NA,False,False,True,6.18,1.19,0.031,T,1.453,0.0,0.214,13.556,3.254,1.08,-10.714,-0.184,0.037,14.163,2.66,1.352,0.0,0.263,3.026,-10.622,-1.056,0.036,1821.11,0,0,0,0,0,0,3,1,WTA324166,WTA321454,1,0,1,0
2_2_6_1,2,2,6,1,WTA324166,WTA321454,WTA321454,AdCourt,0 KPH,Slice,0.12 Metre,-11.596,1.411,2.833,3,Faulty Serve,Wide Error,False,NA,ForeHand,1.26 Metre,NA,NA,False,False,True,5.668,0.121,0.03,T,1.259,0.0,0.447,-11.596,1.411,2.833,5.668,0.121,0.03,,,,,,,,,,0,1,0,0,0,0,0,3,2,WTA324166,WTA321454,1,0,1,0
2_2_6_2,2,2,6,2,WTA324166,WTA321454,WTA324166,AdCourt,141 KPH,NA,NA,,,,3,Winner,NA,False,Ground,ForeHand,1.74 Metre,NA,NA,False,False,True,,,,,,,,,,,,,,,,,,,,,,,1906.63,0,0,0,0,0,0,3,2,WTA324166,WTA321454,1,0,1,0
2_3_1_1,2,3,1,1,WTA321454,WTA324166,WTA324166,DeuceCourt,142 KPH,NA,NA,,,,3,Faulty Serve,NA,False,Ground,ForeHand,3.28 Metre,NA,NA,False,False,False,,,,,,,,,,,,,,,,,,,,,,,1891.99,1,0,0,0,0,0,0,0,WTA324166,WTA321454,2,0,1,0
2_3_1_2,2,3,1,2,WTA321454,WTA324166,WTA321454,DeuceCourt,144 KPH,Slice,NA,11.68,0.43,2.637,3,Unforced Error,NA,False,Ground,ForeHand,1.3 Metre,NA,NA,False,False,True,-5.572,-1.787,0.031,Body,1.426,0.0,-0.823,-12.836,-2.928,0.649,-8.127,-1.743,0.031,-12.991,-3.163,1.503,0.0,0.465,1.49,7.314,2.286,0.033,2445.4,0,0,0,0,0,0,0,0,WTA324166,WTA321454,2,0,1,0
2_3_2_1,2,3,2,1,WTA321454,WTA324166,WTA321454,AdCourt,164 KPH,Flat,NA,11.437,-1.397,2.737,3,Unforced Error,NA,False,Ground,ForeHand,1.42 Metre,NA,Wide Error,False,False,True,-5.228,2.736,0.03,Body,1.153,0.0,1.477,-10.479,1.941,2.263,6.035,4.608,0.035,-13.852,4.592,1.158,0.0,2.028,1.25,7.127,0.801,0.029,783.53,0,0,0,0,0,0,1,0,WTA324166,WTA321454,2,0,1,0
2_3_3_1,2,3,3,1,WTA321454,WTA324166,WTA321454,DeuceCourt,157 KPH,Slice,NA,11.508,0.838,2.676,3,Winner,NA,False,Drop,BackHand,1.14 Metre,Cross Court,NA,False,False,True,-5.901,-3.347,0.032,Wide,1.317,0.0,-1.694,11.702,-0.746,0.744,-3.461,2.768,0.033,-13.411,-5.805,1.238,0.0,-2.932,1.296,7.94,-1.412,0.029,1304.42,0,0,0,0,0,0,2,0,WTA324166,WTA321454,2,0,1,0
2_3_4_1,2,3,4,1,WTA321454,WTA324166,WTA321454,AdCourt,0 KPH,Slice,3.05 Metre,11.469,-1.412,2.757,1,Faulty Serve,Long Error,False,NA,BackHand,1.82 Metre,NA,NA,False,False,True,9.451,-1.87,0.03,Body,1.332,0.0,0.128,-12.524,1.431,1.025,9.451,-1.87,0.03,-12.524,1.431,1.025,0.0,-0.427,1.822,9.451,-1.87,0.03,1689.54,1,0,0,0,0,0,3,0,WTA324166,WTA321454,2,0,1,0
2_3_4_2,2,3,4,2,WTA321454,WTA324166,WTA321454,AdCourt,141 KPH,Slice,NA,11.375,-1.79,2.691,1,Unforced Error,NA,False,NA,BackHand,2.02 Metre,NA,Long Error,False,False,True,-5.996,3.432,0.031,Wide,1.398,0.0,1.824,-11.654,4.906,1.349,12.463,-3.163,0.036,-11.654,4.906,1.349,0.0,0.759,2.021,12.463,-3.163,0.036,1074.36,0,0,0,0,0,0,3,0,WTA324166,WTA321454,2,0,1,0
2_4_1_1,2,4,1,1,WTA324166,WTA321454,WTA324166,DeuceCourt,181 KPH,Kick,NA,11.584,0.889,2.778,1,NA,NA,False,NA,BackHand,1.2 Metre,Cross Court,NA,False,False,True,-5.813,-0.171,0.03,T,1.203,0.0,0.217,11.584,0.889,2.778,-5.813,-0.171,0.03,,,,,,,,,,0,0,0,0,0,0,0,0,0,WTA324166,WTA321454,2,1,1,0
2_4_2_1,2,4,2,1,WTA324166,WTA321454,WTA324166,AdCourt,0 KPH,NA,0.43 Metre,11.387,-1.46,2.857,3,Faulty Serve,NA,False,NA,BackHand,0.92 Metre,NA,NA,False,False,True,0.432,1.965,0.036,Body,0.921,0.0,1.563,11.387,-1.46,2.857,0.432,1.965,0.036,,,,,,,,,,0,1,0,0,0,0,0,1,0,WTA324166,WTA321454,2,1,1,0
2_4_2_2,2,4,2,2,WTA324166,WTA321454,WTA324166,AdCourt,131 KPH,Flat,NA,11.59,-1.618,2.832,3,Unforced Error,NA,False,Ground,BackHand,1.68 Metre,NA,Long Error,False,False,True,-4.549,2.684,0.03,Body,1.282,0.0,1.618,-11.674,3.688,0.936,12.187,3.929,0.032,-13.32,4.902,1.386,0.0,2.349,2.815,11.388,0.822,0.032,967.23,0,0,0,0,0,0,1,0,WTA324166,WTA321454,2,1,1,0
2_4_3_1,2,4,3,1,WTA324166,WTA321454,WTA324166,DeuceCourt,153 KPH,Slice,NA,11.561,1.028,2.797,1,Ace,NA,False,NA,ForeHand,1.07 Metre,Cross Court,NA,False,False,True,-4.461,-3.723,0.031,Wide,1.066,0.0,-2.25,11.561,1.028,2.797,-4.461,-3.723,0.031,,,,,,,,,,0,0,0,0,1,0,0,2,0,WTA324166,WTA321454,2,1,1,0
2_4_4_1,2,4,4,1,WTA324166,WTA321454,WTA324166,AdCourt,182 KPH,Pronated,NA,11.342,-1.591,2.803,3,Winner,NA,False,Ground,BackHand,1.75 Metre,Cross Court,NA,False,False,True,-4.749,2.894,0.03,Wide,1.038,0.0,1.576,13.536,-3.56,1.215,-9.35,3.762,0.034,-11.618,4.826,1.156,0.0,1.232,3.233,11.492,-2.644,0.037,1886.61,0,0,0,0,0,1,3,0,WTA324166,WTA321454,2,1,1,0
2_5_1_1,2,5,1,1,WTA321454,WTA324166,WTA321454,DeuceCourt,169 KPH,Flat,NA,-11.409,-0.833,2.72,1,Forced Error,NA,False,NA,BackHand,1.17 Metre,NA,NA,False,False,True,6.387,1.413,0.031,Body,1.274,0.0,0.524,13.781,2.592,0.975,-6.283,-4.243,0.033,13.781,2.592,0.975,0.0,-2.031,1.169,-6.283,-4.243,0.033,1547.07,0,0,0,0,0,0,0,0,WTA324166,WTA321454,3,1,1,0
2_5_2_1,2,5,2,1,WTA321454,WTA324166,WTA321454,AdCourt,0 KPH,Pronated,0.5 Metre,-11.309,1.297,2.754,4,Faulty Serve,Net Error,True,NA,ForeHand,0.77 Metre,NA,Net Error,False,False,True,-0.497,-0.214,0.033,T,0.772,0.0,-0.317,-11.309,1.297,2.754,-0.497,-0.214,0.033,,,,,,,,,,0,1,0,0,0,0,0,1,0,WTA324166,WTA321454,3,1,1,0
2_5_2_2,2,5,2,2,WTA321454,WTA324166,WTA324166,AdCourt,136 KPH,Slice,NA,-11.342,1.793,2.749,4,Winner,NA,False,Ground,ForeHand,1.07 Metre,Cross Court,NA,False,False,True,3.565,-0.924,0.029,T,0.977,0.0,-0.395,12.293,-2.489,0.867,-7.963,0.913,0.029,13.75,-2.368,1.422,0.0,0.213,1.052,-5.781,1.428,0.029,1785.8,0,0,0,0,0,0,1,0,WTA324166,WTA321454,3,1,1,0
2_5_3_1,2,5,3,1,WTA321454,WTA324166,WTA324166,DeuceCourt,147 KPH,Flat,NA,-11.525,-0.824,2.771,2,Forced Error,NA,True,Ground,ForeHand,0.34 Metre,NA,NA,False,False,True,4.188,2.744,0.033,Wide,1.021,0.0,1.75,-11.949,-2.363,0.787,-7.015,-0.967,0.03,11.626,4.665,1.275,0.0,1.099,1.183,-7.015,-0.967,0.03,1675.91,0,0,0,0,0,0,1,1,WTA324166,WTA321454,3,1,1,0
2_5_4_1,2,5,4,1,WTA321454,WTA324166,WTA321454,AdCourt,164 KPH,Flat,NA,-11.454,1.335,2.728,3,Winner,NA,False,Ground,ForeHand,1.11 Metre,Cross Court,NA,False,False,True,6.216,-2.246,0.029,Body,1.243,0.0,-0.991,-11.24,-1.907,1.118,6.58,3.271,0.035,12.487,-3.454,0.982,0.0,-2.626,1.605,-7.066,-2.182,0.031,1559.76,0,0,0,0,0,0,1,2,WTA324166,WTA321454,3,1,1,0
2_5_5_1,2,5,5,1,WTA321454,WTA324166,WTA321454,DeuceCourt,175 KPH,Flat,NA,-11.428,-0.836,2.692,1,Forced Error,NA,False,NA,ForeHand,3.45 Metre,NA,NA,False,False,True,6.037,1.99,0.032,Body,1.217,0.0,1.003,12.597,3.182,1.101,-4.156,4.615,0.035,12.597,3.182,1.101,0.0,4.617,3.452,-4.156,4.615,0.035,1266.13,0,0,0,0,0,0,2,2,WTA324166,WTA321454,3,1,1,0
2_5_6_1,2,5,6,1,WTA321454,WTA324166,WTA324166,AdCourt,168 KPH,Flat,NA,-11.309,1.572,2.689,2,Unforced Error,NA,False,Ground,ForeHand,2.08 Metre,NA,Long Error,False,False,True,5.22,-3.209,0.031,Wide,1.107,0.0,-1.742,-12.407,-0.216,0.818,12.416,3.289,0.033,14.297,-5.737,0.999,0.0,-2.685,1.448,-8.269,-1.084,0.03,2315.67,0,0,0,0,0,0,3,2,WTA324166,WTA321454,3,1,1,0
2_5_7_1,2,5,7,1,WTA321454,WTA324166,WTA324166,DeuceCourt,0 KPH,Flat,0.44 Metre,-11.187,-0.958,2.639,1,Faulty Serve,Long Error,False,NA,NA,1.33 Metre,NA,Wide Error,False,False,True,6.762,4.368,0.035,Wide,1.331,0.0,2.268,-11.187,-0.958,2.639,6.762,4.368,0.035,,,,,,,,,,0,1,0,0,0,0,0,3,3,WTA324166,WTA321454,3,1,1,0
2_5_7_2,2,5,7,2,WTA321454,WTA324166,WTA324166,DeuceCourt,136 KPH,Flat,0.56 Metre,-11.596,-0.62,2.639,0,DoubleFault,Wide Error,False,NA,NA,0.66 Metre,NA,NA,False,False,True,-0.358,0.557,0.033,T,0.906,0.0,0.548,0.121,0.565,0.876,-0.358,0.557,0.033,,,,,,,,,,NA,1,1,0,0,0,0,3,3,WTA324166,WTA321454,3,1,1,0
2_5_8_1,2,5,8,1,WTA321454,WTA324166,WTA321454,AdCourt,170 KPH,Flat,NA,-11.398,1.57,2.707,3,Winner,NA,False,Ground,BackHand,1.34 Metre,Down the Line,NA,True,False,True,5.614,-1.28,0.029,T,1.144,0.0,-0.411,-11.754,2.503,0.531,7.995,0.456,0.028,15.044,-2.587,1.168,0.0,0.116,1.868,-10.227,2.184,0.034,1183.54,0,0,0,0,1,0,3,4,WTA324166,WTA321454,3,1,1,0
2_5_9_1,2,5,9,1,WTA321454,WTA324166,WTA321454,DeuceCourt,170 KPH,Flat,NA,-11.382,-0.907,2.691,1,Forced Error,NA,False,NA,BackHand,NA,NA,NA,False,False,True,4.809,1.679,0.032,Body,1.038,0.0,0.872,14.325,3.286,1.26,-5.183,-4.615,0.036,14.325,3.286,1.26,0.0,-5.957,5.366,-5.183,-4.615,0.036,1323.02,0,0,0,0,0,0,4,4,WTA324166,WTA321454,3,1,1,0
2_5_10_1,2,5,10,1,WTA321454,WTA324166,WTA321454,AdCourt,0 KPH,NA,0.27 Metre,-11.35,1.301,2.72,3,Faulty Serve,Net Error,True,NA,ForeHand,0.81 Metre,NA,Net Error,False,False,True,-0.265,-2.453,0.035,Body,0.808,0.0,-1.923,-11.35,1.301,2.72,-0.265,-2.453,0.035,,,,,,,,,,0,1,0,0,0,0,0,5,4,WTA324166,WTA321454,3,1,1,0
2_5_10_2,2,5,10,2,WTA321454,WTA324166,WTA321454,AdCourt,142 KPH,Slice,NA,-11.515,1.812,2.689,3,Unforced Error,NA,False,Ground,ForeHand,1.83 Metre,NA,NA,False,False,True,6.2,-2.701,0.029,Body,1.494,0.0,-1.354,-13.545,0.789,0.815,10.32,1.126,0.032,13.64,-4.134,1.356,0.0,-2.16,1.761,-8.42,-1.266,0.031,1181.16,0,0,0,0,0,0,5,4,WTA324166,WTA321454,3,1,1,0
2_6_1_1,2,6,1,1,WTA324166,WTA321454,WTA324166,DeuceCourt,155 KPH,Slice,NA,-11.646,-1.083,2.825,3,Winner,NA,False,Ground,BackHand,1.4 Metre,Cross Court,NA,False,False,True,6.096,3.7,0.035,Wide,1.383,0.0,1.914,-12.278,1.266,0.95,7.308,-3.855,0.029,11.569,5.432,1.262,0.0,3.73,2.352,-9.849,1.847,0.035,2098.13,0,0,0,0,0,0,0,0,WTA324166,WTA321454,3,2,1,0
2_6_2_1,2,6,2,1,WTA324166,WTA321454,WTA324166,AdCourt,0 KPH,Flat,6.48 Metre,-11.534,1.435,2.821,3,Faulty Serve,Long Error,False,NA,ForeHand,1.34 Metre,NA,Long Error,False,False,True,12.885,-2.227,0.038,Body,1.341,0.0,0.313,18.672,-1.115,1.084,12.885,-2.227,0.038,,,,,,,,,,NA,1,0,0,0,0,0,1,0,WTA324166,WTA321454,3,2,1,0
2_6_2_2,2,6,2,2,WTA324166,WTA321454,WTA324166,AdCourt,141 KPH,NA,NA,,,,3,Winner,NA,False,Ground,ForeHand,1.74 Metre,NA,NA,False,False,True,,,,,,,,,,,,,,,,,,,,,,,1906.63,0,0,0,0,0,0,1,0,WTA324166,WTA321454,3,2,1,0
2_6_3_1,2,6,3,1,WTA324166,WTA321454,WTA324166,DeuceCourt,174 KPH,Pronated,NA,-11.506,-0.772,2.804,1,NA,NA,False,NA,BackHand,1.23 Metre,Cross Court,NA,False,False,True,6.344,0.559,0.028,T,1.232,0.0,0.087,-11.506,-0.772,2.804,6.344,0.559,0.028,,,,,,,,,,0,0,0,0,0,0,0,2,0,WTA324166,WTA321454,3,2,1,0
2_6_4_1,2,6,4,1,WTA324166,WTA321454,WTA324166,AdCourt,0 KPH,Slice,3.65 Metre,-11.66,1.668,2.819,2,Faulty Serve,Long Error,False,NA,BackHand,2.23 Metre,NA,NA,False,False,True,-10.053,1.946,0.035,Body,1.563,0.0,-2.195,11.686,-5.33,1.273,-10.053,1.946,0.035,11.686,-5.33,1.273,0.0,-1.327,2.235,-10.053,1.946,0.035,NA,1,0,0,0,0,0,3,0,WTA324166,WTA321454,3,2,1,0
2_6_4_2,2,6,4,2,WTA324166,WTA321454,WTA321454,AdCourt,138 KPH,Slice,NA,-11.596,1.68,2.845,2,Winner,NA,False,Ground,BackHand,1.49 Metre,Down the Line,NA,False,False,True,4.545,-3.586,0.032,Wide,1.192,0.0,-2.268,10.17,-5.171,1.432,-10.169,-2.651,0.032,10.17,-5.171,1.432,0.0,-3.804,1.488,-10.169,-2.651,0.032,NA,0,0,0,0,0,0,3,0,WTA324166,WTA321454,3,2,1,0
2_6_5_1,2,6,5,1,WTA324166,WTA321454,WTA321454,DeuceCourt,0 KPH,NA,0.42 Metre,-11.569,-1.097,2.816,3,Faulty Serve,NA,True,NA,BackHand,1.49 Metre,NA,NA,False,False,True,-0.418,0.509,0.033,T,,,,-11.569,-1.097,2.816,-0.418,0.509,0.033,,,,,,,,,,0,1,0,0,0,0,0,3,1,WTA324166,WTA321454,3,2,1,0
2_6_5_2,2,6,5,2,WTA324166,WTA321454,WTA324166,DeuceCourt,136 KPH,Kick,NA,-11.642,-0.94,2.851,3,Forced Error,NA,True,Ground,BackHand,0.79 Metre,NA,NA,False,False,True,3.595,1.012,0.029,T,1.009,0.0,0.395,14.171,-2.846,0.745,0.234,0.35,0.035,10.284,1.976,1.717,0.0,2.967,1.579,-6.684,3.344,0.031,NA,0,0,0,0,0,0,3,1,WTA324166,WTA321454,3,2,1,0
2_7_1_1,2,7,1,1,WTA321454,WTA324166,WTA324166,DeuceCourt,0 KPH,Flat,0.67 Metre,11.374,0.874,2.66,1,Faulty Serve,Long Error,False,NA,NA,1.31 Metre,NA,NA,False,False,True,-7.066,-0.344,0.03,T,1.31,0.0,0.158,11.374,0.874,2.66,-7.066,-0.344,0.03,,,,,,,,,,0,1,0,0,0,0,0,0,0,WTA324166,WTA321454,4,2,1,0
2_7_1_2,2,7,1,2,WTA321454,WTA324166,WTA324166,DeuceCourt,145 KPH,Flat,2.91 Metre,11.675,1.014,2.763,0,DoubleFault,Long Error,False,NA,NA,1.33 Metre,NA,NA,False,False,True,9.309,-4.086,0.03,Wide,1.506,0.0,-1.685,-12.534,-5.511,1.232,9.309,-4.086,0.03,-12.534,-5.511,1.232,0.0,-4.597,1.331,9.309,-4.086,0.03,1313.47,1,1,0,0,0,0,0,0,WTA324166,WTA321454,4,2,1,0
2_7_2_1,2,7,2,1,WTA321454,WTA324166,WTA321454,AdCourt,172 KPH,Flat,NA,11.398,-1.459,2.711,1,Forced Error,NA,False,NA,BackHand,1.18 Metre,NA,NA,False,False,True,-5.681,2.489,0.03,Body,1.18,0.0,1.215,-14.166,4.242,1.184,-0.343,0.482,0.033,,,,,,,,,,1629.57,0,0,0,0,1,0,0,1,WTA324166,WTA321454,4,2,1,0
2_7_3_1,2,7,3,1,WTA321454,WTA324166,WTA321454,DeuceCourt,0 KPH,NA,0.25 Metre,11.453,0.905,2.72,3,Faulty Serve,Wide Error,False,NA,ForeHand,0.96 Metre,NA,Wide Error,False,False,True,-3.26,-4.367,0.033,Wide,0.958,0.0,-1.973,11.453,0.905,2.72,-3.26,-4.367,0.033,,,,,,,,,,0,1,0,0,0,0,0,1,1,WTA324166,WTA321454,4,2,1,0
2_7_3_2,2,7,3,2,WTA321454,WTA324166,WTA321454,DeuceCourt,151 KPH,Slice,NA,11.611,0.658,2.666,3,Unforced Error,NA,True,Ground,ForeHand,0.81 Metre,NA,Net Error,False,False,True,-5.942,-1.151,0.031,T,1.33,0.0,-0.352,-13.038,-1.476,0.741,-7.647,-0.77,0.03,-13.25,-2.339,1.391,0.0,-0.265,2.04,10.431,1.196,0.032,2089.29,0,0,0,0,0,0,1,1,WTA324166,WTA321454,4,2,1,0
2_7_4_1,2,7,4,1,WTA321454,WTA324166,WTA321454,AdCourt,166 KPH,Pronated,NA,11.541,-1.413,2.672,1,Forced Error,NA,False,NA,BackHand,2.49 Metre,NA,NA,False,False,True,-6.162,3.378,0.031,Wide,1.236,0.0,1.66,-13.716,5.506,1.048,12.885,-2.302,0.038,-13.716,5.506,1.048,0.0,1.529,2.49,12.885,-2.302,0.038,1808.68,0,0,0,0,0,0,2,1,WTA324166,WTA321454,4,2,1,0
2_7_5_1,2,7,5,1,WTA321454,WTA324166,WTA321454,DeuceCourt,0 KPH,NA,NA,11.479,0.838,2.752,3,Faulty Serve,NA,True,NA,ForeHand,2.49 Metre,NA,NA,False,False,True,,,,,,,,11.479,0.838,2.752,,,,,,,,,,,,,0,1,0,0,0,0,0,3,1,WTA324166,WTA321454,4,2,1,0
2_7_5_2,2,7,5,2,WTA321454,WTA324166,WTA321454,DeuceCourt,145 KPH,Slice,NA,11.673,0.617,2.671,3,Winner,NA,False,Ground,ForeHand,1.22 Metre,Cross Court,NA,False,False,True,-5.569,-0.794,0.03,T,1.326,0.0,-0.188,13.012,0.469,1.047,-8.216,-1.795,0.032,-14.047,-1.892,1.359,0.0,-0.769,1.626,8.44,0.034,0.03,1393.36,0,0,0,0,0,0,3,1,WTA324166,WTA321454,4,2,1,0
2_8_1_1,2,8,1,1,WTA324166,WTA321454,WTA324166,DeuceCourt,0 KPH,Slice,0.56 Metre,11.669,0.944,2.804,1,Faulty Serve,Long Error,False,NA,ForeHand,1.38 Metre,NA,NA,False,False,True,-6.965,-1.362,0.031,T,1.384,0.0,-0.394,11.669,0.944,2.804,-6.965,-1.362,0.031,,,,,,,,,,0,1,0,0,0,0,0,0,0,WTA324166,WTA321454,4,3,1,0
2_8_1_2,2,8,1,2,WTA324166,WTA321454,WTA324166,DeuceCourt,131 KPH,Flat,NA,11.814,0.684,2.767,1,Unforced Error,NA,False,NA,ForeHand,2.17 Metre,NA,Long Error,False,False,True,-5.064,-1.966,0.032,Body,1.336,0.0,-0.937,-10.705,-2.876,1.515,12.885,1.395,0.032,-10.705,-2.876,1.515,0.0,-0.924,2.169,12.885,1.395,0.032,1266.21,0,0,0,0,0,0,0,0,WTA324166,WTA321454,4,3,1,0
2_8_2_1,2,8,2,1,WTA324166,WTA321454,WTA324166,AdCourt,0 KPH,NA,0.59 Metre,11.242,-1.271,2.812,2,Faulty Serve,Wide Error,False,NA,ForeHand,0.44 Metre,NA,NA,False,False,True,0.317,0.591,0.036,T,0.89,0.0,0.175,-0.204,0.199,0.85,0.317,0.591,0.036,,,,,,,,,,0,1,0,0,0,0,0,1,0,WTA324166,WTA321454,4,3,1,0
2_8_2_2,2,8,2,2,WTA324166,WTA321454,WTA321454,AdCourt,130 KPH,Slice,NA,11.685,-1.678,2.856,2,Unforced Error,NA,False,Ground,ForeHand,2.28 Metre,NA,Long Error,False,False,True,-5.433,2.606,0.03,Body,1.385,0.0,1.497,13.31,2.198,0.957,-12.419,-2.98,0.037,-10.545,3.65,1.44,0.0,2.845,1.971,10.113,2.314,0.033,1903.31,0,0,0,0,0,0,1,0,WTA324166,WTA321454,4,3,1,0
2_8_3_1,2,8,3,1,WTA324166,WTA321454,WTA324166,DeuceCourt,155 KPH,Slice,NA,11.605,1.087,2.827,1,Ace,NA,False,NA,ForeHand,1.3 Metre,Cross Court,NA,False,False,True,-5.559,-3.751,0.033,Wide,1.296,0.0,-1.92,11.605,1.087,2.827,-5.559,-3.751,0.033,,,,,,,,,,0,0,0,0,1,0,0,1,1,WTA324166,WTA321454,4,3,1,0
2_8_4_1,2,8,4,1,WTA324166,WTA321454,WTA324166,AdCourt,142 KPH,Slice,NA,11.683,-1.66,2.803,3,Unforced Error,NA,False,Ground,BackHand,1.28 Metre,NA,NA,False,False,True,-4.695,2.021,0.03,Body,1.174,0.0,1.143,-12.881,0.8,0.845,-0.406,-1.377,0.033,-12.257,3.284,1.464,0.0,1.497,1.196,5.199,1.032,0.029,1639.92,0,0,0,0,0,1,2,1,WTA324166,WTA321454,4,3,1,0
2_8_5_1,2,8,5,1,WTA324166,WTA321454,WTA324166,DeuceCourt,181 KPH,Pronated,NA,11.425,1.082,2.846,1,Ace,NA,False,NA,ForeHand,1.26 Metre,Cross Court,NA,False,False,True,-6.27,-0.269,0.03,T,1.261,0.0,0.208,11.425,1.082,2.846,-6.27,-0.269,0.03,,,,,,,,,,0,0,0,0,1,0,0,3,1,WTA324166,WTA321454,4,3,1,0
2_9_1_1,2,9,1,1,WTA321454,WTA324166,WTA321454,DeuceCourt,0 KPH,Flat,1.36 Metre,-11.471,-1.019,2.723,3,Faulty Serve,Long Error,False,NA,ForeHand,1.8 Metre,NA,NA,False,False,True,-7.762,1.776,0.029,Body,1.241,0.0,0.408,14.455,2.43,0.976,-7.762,1.776,0.029,14.455,2.43,0.976,0.0,2.062,1.798,-7.762,1.776,0.029,1624.41,1,0,0,0,0,1,0,0,WTA324166,WTA321454,5,3,1,0
2_9_1_2,2,9,1,2,WTA321454,WTA324166,WTA321454,DeuceCourt,146 KPH,Kick,NA,-11.552,-0.843,2.68,3,Winner,NA,False,Ground,ForeHand,1.33 Metre,Cross Court,NA,False,False,True,5.287,1.119,0.03,T,1.24,0.0,0.361,-10.749,-0.247,0.924,9.921,2.586,0.033,13.062,2.149,1.581,0.0,0.878,1.506,-5.068,0.241,0.031,2172.96,0,0,0,0,0,0,0,0,WTA324166,WTA321454,5,3,1,0
2_9_2_1,2,9,2,1,WTA321454,WTA324166,WTA321454,AdCourt,168 KPH,Slice,NA,-11.357,1.382,2.726,1,Ace,NA,False,NA,ForeHand,1.02 Metre,Cross Court,NA,False,False,True,4.712,-0.031,0.029,T,1.018,0.0,0.298,-11.357,1.382,2.726,4.712,-0.031,0.029,,,,,,,,,,0,0,0,0,1,0,0,1,0,WTA324166,WTA321454,5,3,1,0
2_9_3_1,2,9,3,1,WTA321454,WTA324166,WTA321454,DeuceCourt,0 KPH,NA,0.18 Metre,-11.395,-0.81,2.713,3,Faulty Serve,NA,True,NA,ForeHand,1.02 Metre,NA,NA,False,False,True,-0.089,-0.157,0.031,T,,,,-11.395,-0.81,2.713,-0.089,-0.157,0.031,,,,,,,,,,0,1,0,0,0,0,1,2,0,WTA324166,WTA321454,5,3,1,0
2_9_3_2,2,9,3,2,WTA321454,WTA324166,WTA321454,DeuceCourt,138 KPH,Kick,NA,-11.732,-0.754,2.701,3,Unforced Error,NA,False,Ground,ForeHand,1.06 Metre,NA,Wide Error,False,False,True,5.303,1.897,0.032,Body,1.361,0.0,0.842,-0.165,5.579,1.233,-1.93,4.615,0.034,12.747,3.409,1.529,0.0,-0.738,1.868,-7.778,-2.947,0.034,766.59,0,0,0,0,0,0,2,0,WTA324166,WTA321454,5,3,1,0
2_9_4_1,2,9,4,1,WTA321454,WTA324166,WTA321454,AdCourt,0 KPH,Flat,0.1 Metre,-11.32,1.415,2.705,3,Faulty Serve,Wide Error,False,NA,BackHand,1.19 Metre,NA,Wide Error,False,False,True,-5.717,4.22,0.029,Wide,1.363,0.0,-0.468,14.597,-2.725,1.035,-5.717,4.22,0.029,14.597,-2.725,1.035,0.0,2.172,1.191,-5.717,4.22,0.029,1260.38,1,0,0,0,0,0,3,0,WTA324166,WTA321454,5,3,1,0
2_9_4_2,2,9,4,2,WTA321454,WTA324166,WTA321454,AdCourt,128 KPH,Flat,NA,-11.478,1.493,2.778,3,Unforced Error,NA,False,Ground,BackHand,0.93 Metre,NA,NA,False,False,True,5.442,-2.986,0.029,Wide,1.39,0.0,-1.663,11.677,-1.615,0.935,8.76,-1.172,0.029,12.481,-4.668,1.48,0.0,-0.434,1.631,-6.737,1.423,0.029,2677.14,0,0,0,0,0,0,3,0,WTA324166,WTA321454,5,3,1,0
2_10_1_1,2,10,1,1,WTA324166,WTA321454,WTA324166,DeuceCourt,179 KPH,Pronated,NA,-11.453,-0.921,2.824,3,Winner,NA,False,Ground,ForeHand,1.23 Metre,Down the Line,NA,False,False,True,5.061,0.536,0.029,T,1.058,0.0,0.07,-11.688,1.522,1.666,6.731,3.523,0.035,12.732,1.171,1.344,0.0,0.331,6.378,-10.365,0.929,0.036,2012.45,0,0,0,0,0,0,0,0,WTA324166,WTA321454,5,4,1,0
2_10_2_1,2,10,2,1,WTA324166,WTA321454,WTA324166,AdCourt,0 KPH,Flat,0.7 Metre,-11.548,1.362,2.838,2,Faulty Serve,Long Error,False,NA,ForeHand,1.46 Metre,NA,NA,False,False,True,-7.099,2.327,0.03,Body,1.295,0.0,-1.306,12.04,-4.033,0.935,-7.099,2.327,0.03,12.04,-4.033,0.935,0.0,-0.015,1.456,-7.099,2.327,0.03,983.41,1,0,0,0,0,0,1,0,WTA324166,WTA321454,5,4,1,0
2_10_2_2,2,10,2,2,WTA324166,WTA321454,WTA321454,AdCourt,120 KPH,Pronated,NA,-11.692,1.701,2.695,2,Unforced Error,NA,True,Ground,ForeHand,0.42 Metre,NA,Net Error,False,False,True,5.187,-1.934,0.029,Body,1.399,0.0,-1.035,-2.614,-0.612,2.389,-0.023,-2.359,0.036,10.631,-3.274,1.58,0.0,-2.849,1.523,-9.056,-2.277,0.035,NA,0,0,0,0,0,0,1,0,WTA324166,WTA321454,5,4,1,0
2_10_3_1,2,10,3,1,WTA324166,WTA321454,WTA321454,DeuceCourt,0 KPH,Slice,6.48 Metre,-11.54,-1.084,2.867,2,Faulty Serve,Long Error,False,NA,ForeHand,1.28 Metre,NA,Long Error,False,False,True,12.885,3.424,0.033,Wide,1.277,0.0,-0.141,18.489,2.219,0.946,12.885,3.424,0.033,,,,,,,,,,1858.63,1,0,0,0,0,0,1,1,WTA324166,WTA321454,5,4,1,0
2_10_3_2,2,10,3,2,WTA324166,WTA321454,WTA321454,DeuceCourt,122 KPH,Kick,NA,-11.79,-1.181,2.957,2,Unforced Error,NA,True,Ground,ForeHand,0.84 Metre,NA,Net Error,False,False,True,3.588,0.683,0.029,T,1.095,0.0,0.064,-13.898,-1.424,0.985,-0.207,1.09,0.033,10.822,1.95,1.745,0.0,0.758,1.94,-9.632,-0.59,0.037,1995.27,0,0,0,0,0,0,1,1,WTA324166,WTA321454,5,4,1,0
2_10_4_1,2,10,4,1,WTA324166,WTA321454,WTA324166,AdCourt,176 KPH,Flat,NA,-11.336,1.33,2.816,1,Forced Error,NA,True,NA,ForeHand,0.85 Metre,NA,NA,False,False,True,6.293,-1.002,0.03,T,1.268,0.0,-0.221,12.649,-1.753,1.004,0.308,-1.722,0.036,12.649,-1.753,1.004,0.0,-1.617,0.847,0.308,-1.722,0.036,1709.12,0,0,0,0,0,0,1,2,WTA324166,WTA321454,5,4,1,0
2_10_5_1,2,10,5,1,WTA324166,WTA321454,WTA324166,DeuceCourt,175 KPH,Flat,NA,-11.423,-0.991,2.797,3,Winner,NA,False,Ground,ForeHand,1.36 Metre,Down the Line,NA,False,False,True,4.674,0.132,0.029,T,1.017,0.0,-0.223,-11.148,0.092,1.243,8.481,2.785,0.034,12.582,0.779,1.215,0.0,0.057,2.826,-8.621,-0.104,0.03,1944.49,0,0,0,0,0,0,2,2,WTA324166,WTA321454,5,4,1,0
2_10_6_1,2,10,6,1,WTA324166,WTA321454,WTA324166,AdCourt,0 KPH,Slice,0.38 Metre,-11.51,1.506,2.795,2,Faulty Serve,Wide Error,False,NA,ForeHand,1.06 Metre,NA,NA,False,False,True,4.705,0.377,0.029,T,1.064,0.0,0.594,-11.51,1.506,2.795,4.705,0.377,0.029,,,,,,,,,,0,1,0,0,0,0,0,3,2,WTA324166,WTA321454,5,4,1,0
2_10_6_2,2,10,6,2,WTA324166,WTA321454,WTA321454,AdCourt,134 KPH,Kick,NA,-11.723,1.416,2.884,2,Unforced Error,NA,False,Ground,ForeHand,0.92 Metre,NA,NA,False,False,True,5.148,-2.278,0.029,Body,1.362,0.0,-1.35,-12.913,-4.944,1.27,-0.168,0.804,0.032,10.559,-3.339,1.63,0.0,-2.308,2.11,-10.06,-1.933,0.039,1358.61,0,0,0,0,0,0,3,2,WTA324166,WTA321454,5,4,1,0
2_10_7_1,2,10,7,1,WTA324166,WTA321454,WTA321454,DeuceCourt,0 KPH,Flat,1.31 Metre,-11.513,-1.39,2.844,2,Faulty Serve,Wide Error,False,NA,BackHand,2.26 Metre,NA,NA,False,False,True,-4.494,1.31,0.031,T,1.277,0.0,-0.2,12.839,1.139,0.999,-4.494,1.31,0.031,12.839,1.139,0.999,0.0,1.3,2.261,-4.494,1.31,0.031,NA,1,0,0,0,0,0,3,3,WTA324166,WTA321454,5,4,1,0
2_10_7_2,2,10,7,2,WTA324166,WTA321454,WTA321454,DeuceCourt,143 KPH,Slice,NA,-11.686,-1.018,2.855,2,Unforced Error,NA,False,Ground,BackHand,1.42 Metre,NA,Wide Error,False,False,True,4.868,1.149,0.029,T,1.199,0.0,0.325,-10.972,2.483,1.056,10.809,-4.688,0.031,11.149,2.295,1.378,0.0,0.346,1.211,-5.902,-0.888,0.03,1932.8,0,0,0,0,0,0,3,3,WTA324166,WTA321454,5,4,1,0
2_10_8_1,2,10,8,1,WTA324166,WTA321454,WTA324166,AdCourt,180 KPH,Flat,NA,-11.426,1.57,2.845,1,NA,NA,False,NA,BackHand,1.17 Metre,NA,NA,True,False,True,5.408,-3.588,0.03,Wide,1.173,0.0,-1.966,11.518,-5.437,1.034,5.617,-3.563,0.029,,,,,,,,,,779.11,0,0,0,0,0,0,3,4,WTA324166,WTA321454,5,4,1,0
2_10_9_1,2,10,9,1,WTA324166,WTA321454,WTA324166,DeuceCourt,163 KPH,Flat,NA,-11.542,-1.135,2.824,3,Forced Error,NA,True,Ground,BackHand,0.67 Metre,NA,NA,False,False,True,4.599,0.717,0.029,T,1.061,0.0,0.139,10.638,-2.973,0.559,0.859,0.202,0.036,11.908,1.655,1.35,0.0,2.24,1.848,-4.554,2.495,0.03,1250.6,0,0,0,0,0,0,4,4,WTA324166,WTA321454,5,4,1,0
2_10_10_1,2,10,10,1,WTA324166,WTA321454,WTA324166,AdCourt,0 KPH,Pronated,0 Metre,-11.314,1.463,2.768,3,Faulty Serve,NA,False,NA,BackHand,1.2 Metre,NA,NA,False,False,True,-4.473,3.872,0.03,Wide,1.375,0.0,-1.433,12.05,-4.593,0.809,-4.473,3.872,0.03,12.05,-4.593,0.809,0.0,1.529,1.203,-4.473,3.872,0.03,1271.18,1,0,0,0,0,0,5,4,WTA324166,WTA321454,5,4,1,0
2_10_10_2,2,10,10,2,WTA324166,WTA321454,WTA324166,AdCourt,163 KPH,NA,NA,,,,3,Winner,NA,False,Ground,BackHand,0.67 Metre,NA,NA,False,False,False,,,,,,,,,,,,,,,,,,,,,,,1250.6,0,0,0,0,0,0,5,4,WTA324166,WTA321454,5,4,1,0
